<?xml version="1.0" encoding="UTF-8"?>
<metadata xml:lang="en"><Esri><CreaDate>20151004</CreaDate><CreaTime>10373600</CreaTime><ArcGISFormat>1.0</ArcGISFormat><SyncOnce>TRUE</SyncOnce><DataProperties><lineage><Process ToolSource="C:\Program Files\ArcGIS\Desktop10.0\ArcToolbox\Toolboxes\Data Management Tools.tbx\CopyFeatures" Date="20130410" Time="151404">CopyFeatures strikes Z:/Dropbox/data/drones\drones.mdb\strikes # 0 0 0</Process></lineage><itemProps><itemLocation><linkage Sync="TRUE">file://\\Mac\Home\Documents\PolGeo\ExampleData\New File Geodatabase.gdb</linkage><protocol Sync="TRUE">Local Area Network</protocol></itemLocation></itemProps></DataProperties></Esri></metadata>
